week,theme,audience,anchor_title,owning_page,primary_cta,youtube,short_1,short_2,short_3,field_proof,gbp,facebook,nextdoor,instagram,tiktok,linkedin,email,sms,website_action,commercial_outreach,measurement_focus,utm_campaign,status,notes
1,AC Running but Not Cooling,Emergency / no-cool homeowner,"AC Running but Not Cooling? Here's What We Actually Check",/services/ac-repair-diagnostics/,Call / request diagnostics,Anchor + 2-3 Shorts,AC runs but does not cool,Refrigerant is not automatically the problem,Why airflow gets checked,Real static pressure / airflow reading from a no-cool call (context explained),Problem post: what a no-cool diagnosis checks + field photo (diagnostic CTA),Job-story post: running but not cooling explainer,Short homeowner explanation: no-cool symptoms,Reel: runs but does not cool,Clip: refrigerant is not automatically the problem,-,-,-,Support repair FAQ + internal links (no new page),-,scs_call_click / scs_request_click on repair path; GBP calls,ac_repair,Not started,Existing FAQ implemented (ac-running-not-cooling); ac-tripping-breaker FAQ also live
2,One Room Hotter Than the Rest,Comfort / airflow homeowner,Why One Bedroom Is Hotter Than the Rest,/services/airflow-ductwork/,Request airflow diagnostics,Anchor + Shorts,Supply airflow vs return paths,Closed-door pressure and restrictions,Ductwork vs equipment - which one is it,Grille measurement / duct condition / return-path finding,Problem post: hot room? start with airflow,Homeowner post: one hot room explainer,Neighbor-to-neighbor: one hot room,Reel: one hot room,Clip: closed-door pressure,-,-,-,FAQ internal links to the Airflow page (no new page),-,Airflow-page sessions from Nextdoor/Facebook; requests,airflow,Not started,Priority distribution Nextdoor > Facebook > YouTube; Instagram/TikTok/GBP secondary
3,Static Pressure,Comfort / airflow homeowner,What HVAC Static Pressure Actually Tells Us,/services/airflow-ductwork/,Request airflow / diagnostic service,Anchor + Shorts,What system restriction looks like,Supply vs return static,Blower speed is not automatically the fix,Real manometer static pressure reading where available,Problem post: static pressure in plain language,Homeowner post: why we measure static pressure,-,Reel: what restriction looks like,Clip: blower speed is not automatically the fix,Commercial adaptation: static pressure in commercial systems,-,-,Keep the static-pressure FAQ as owning content (no new page),-,Airflow-page engagement; qualified airflow leads,airflow,Not started,Existing FAQ implemented (what-is-static-pressure); use real instruments and measurements
4,Electrical / Control Diagnosis,Emergency / repair homeowner,"Capacitor, Contactor, Control Board - or Something Else?",/services/ac-repair-diagnostics/,Request AC diagnostics,Anchor + Shorts,Parts swapping vs testing,Command voltage and controls,Why different faults look identical,Electrical measurement with context,Problem post: testing before parts,Homeowner post: diagnostic reasoning (testing before parts),-,Reel: parts swapping vs testing,Clip: different faults same symptom,-,-,-,Recommendation only: potential electrical/control section on the repair page (needs approval),-,Repair-page requests; diagnostic-intent calls,ac_repair,Not started,No unsafe DIY electrical instructions
5,$75 Premium Maintenance,Maintenance customer,What Do You Actually Get for a $75 AC Maintenance Visit?,/services/ac-maintenance/,Schedule $75 maintenance,Anchor + Shorts,What is included,What is not included,Maintenance visit vs repair call,Condenser/evaporator or drain condition photo from a real visit,Offer post: $75 maintenance walkthrough,Homeowner post: what the $75 visit covers,Neighbor post: $75 maintenance scope,Reel: what is included,Clip: maintenance vs repair call,-,Maintenance reminder (prepared email link),Maintenance reactivation (prepared SMS link),No change - scope already documented in the hub FAQ,-,Maintenance bookings by source; email/SMS link clicks,maintenance,Not started,Mini funnel: content -> maintenance page -> booking -> appointment -> Field Proof -> review request; do not expand the promised scope
6,Repair vs Replace,Replacement shopper,Should You Repair or Replace Your AC?,/services/replacement-installation/,Diagnostic or free replacement estimate,Anchor + Shorts,Old does not automatically mean replace,When repeated repair costs matter,Why ducts matter to replacement decisions,Equipment condition / repair history documentation (privacy respected),Problem post: repair-first - replace only when it makes sense,Homeowner post: repair vs replace factors,Neighbor post: repair vs replace,Reel: old does not mean replace,Clip: repeated repair costs,-,Optional: repair vs replace education,-,Supports the replacement page; keep the repair-first FAQ linked (no new page),-,Replacement-page sessions; estimates issued,replacement,Not started,Replacement mini-campaign part 1; maintain repair-first honest positioning
7,Ductwork During Replacement,Replacement shopper,A New AC Won't Fix Bad Ductwork,/services/replacement-installation/,Replacement estimate / airflow evaluation,Anchor + Shorts,Return restrictions,Supply restrictions,Why ducts matter before equipment,Return/supply restriction photo + static reading,Problem post: new equipment on bad ducts,Homeowner post: ductwork before replacement,Neighbor post: ducts before equipment,Reel: return restrictions,Clip: supply restrictions,-,-,-,Cross-link Replacement & Installation <-> Airflow & Ductwork (internal links only),-,Replacement + airflow cross-traffic; estimates,replacement,Not started,Replacement mini-campaign part 2; Airflow & Ductwork supports
8,How to Compare AC Quotes,Replacement shopper,"Before You Accept an AC Replacement Quote, Ask These Questions",/services/replacement-installation/,Free estimate,Anchor + Shorts,Sizing and model numbers,What scope should include,Workmanship and warranty questions,Sample quote walkthrough (redacted, no competitor names),Problem post: how to compare quotes,Homeowner post: quote comparison questions,Neighbor post: quote questions,Reel: what scope should include,Clip: warranty questions,-,Optional: quote-comparison education,-,Supports the replacement page (no new page),-,Estimate requests; quote-comparison content engagement,replacement,Not started,Replacement mini-campaign part 3; do not attack competitors - teach scope evaluation
9,What TAB Is,"Contractors, property managers, engineers, facility teams (Engine B)",What Is Testing Adjusting & Balancing?,/tab-commissioning-support/,Discuss TAB / project scope,Anchor + Shorts,TAB in 30 seconds,Measured CFM,Balance vs guessing,Balanced grille readings with context,Problem post: TAB for contractors and property teams,Business-owner post: TAB explainer,-,-,-,TAB explainer for contractors + property managers,Contractor outreach (prepared tab_outreach link),-,Supports the TAB page (no new page),Direct email to contractor/property lists using the prepared tab_outreach link,Commercial conversations; TAB inquiries,tab_commissioning,Not started,Engine B begins; primary channels LinkedIn + YouTube + direct email
10,Duct Traverse / Total Airflow,"Mechanical contractors, engineers (Engine B)",How We Measure Total HVAC Airflow,/tab-commissioning-support/,Commercial / TAB inquiry,Anchor + Shorts,Velocity x area = CFM,What a traverse looks like,Total airflow vs grille-by-grille readings,Traverse measurement with context (actual instrumentation),Problem post: measuring total airflow,Homeowner/business post: airflow measurement explainer,-,-,-,Traverse measurement explainer,Optional: TAB follow-up,-,Supports the TAB page (no new page),Follow-up with engineers/contractors on active opportunities,TAB inquiries; LinkedIn profile visits,tab_commissioning,Not started,Use actual instrumentation where possible
11,Outside Air + Building Pressure,"Gyms, retail, property managers, facility teams (Engine B)","Why Commercial Buildings Need the Right Amount of Outside Air",/tab-commissioning-support/,Commercial / TAB discussion,Anchor + Shorts,Positive vs negative building pressure,Outside-air verification basics,Why gyms and retail care,Outside-air / pressure reading with context,Problem post: outside air and building pressure,Commercial comfort explainer,-,-,-,Outside air + building pressure findings,Commercial follow-up,-,Supports the TAB + Commercial pages (no new page),Target gyms/retail/property managers with measured findings,Commercial conversations; TAB inquiries,commercial_hvac,Not started,Secondary short: Positive vs Negative Building Pressure
12,Florida Humidity + 90-Day Review,Comfort / airflow homeowner,Why Your Florida House Can Feel Clammy Even When It's Cool,/services/airflow-ductwork/,Request diagnostics,Anchor + Shorts,Runtime and humidity,Airflow and duct leakage,Sizing and infiltration,Humidity/airflow reading with context,Problem post: clammy house explainer,Homeowner post: Florida humidity factors,Neighbor post: clammy house,Reel: humidity factors,Clip: airflow and duct leakage,-,Optional: humidity education,-,Supports the airflow page (no new page),-,Full 90-day review: scoreboard + decision rules,airflow,Not started,Do not pretend one cause always applies; run the 90-day marketing review this week
