Channel,Campaign,Placement,Destination Page,utm_source,utm_medium,utm_campaign,utm_content,Final URL,Purpose,Where Owner Must Paste It
Google Business Profile,gbp,Business profile website field,/,google,organic,gbp,,https://sunshineclimatesolutions.com/?utm_source=google&utm_medium=organic&utm_campaign=gbp,Identify visits that start from the Google Business Profile listing.,Google Business Profile → Edit profile → Contact → Website field
Google Business Profile,gbp,Appointment/contact link,/contact/,google,organic,gbp,contact_button,https://sunshineclimatesolutions.com/contact/?utm_source=google&utm_medium=organic&utm_campaign=gbp&utm_content=contact_button,Attribute GBP appointment/contact-link clicks that go straight to the request form.,Prepared link — use for the GBP appointment/contact link.
Facebook,profile,Page website field,/,facebook,organic_social,profile,,https://sunshineclimatesolutions.com/?utm_source=facebook&utm_medium=organic_social&utm_campaign=profile,Identify visits from the Facebook page profile link.,Facebook Page → About → Website
Instagram,profile,Profile website field,/,instagram,organic_social,profile,,https://sunshineclimatesolutions.com/?utm_source=instagram&utm_medium=organic_social&utm_campaign=profile,Identify visits from the Instagram profile website link.,Instagram → Edit profile → Website
TikTok,profile,Profile website field,/,tiktok,organic_social,profile,,https://sunshineclimatesolutions.com/?utm_source=tiktok&utm_medium=organic_social&utm_campaign=profile,Identify visits from the TikTok profile website link.,TikTok → Edit profile → Website
YouTube,profile,Channel links / About page,/,youtube,organic_video,profile,,https://sunshineclimatesolutions.com/?utm_source=youtube&utm_medium=organic_video&utm_campaign=profile,Identify visits from the YouTube channel links and video descriptions.,YouTube Studio → Customization → Basic info → Links (and video descriptions)
X,profile,Profile website field,/,x,organic_social,profile,,https://sunshineclimatesolutions.com/?utm_source=x&utm_medium=organic_social&utm_campaign=profile,Identify visits from the X profile website link.,X → Edit profile → Website
Nextdoor,profile,Business page website field,/,nextdoor,organic_social,profile,,https://sunshineclimatesolutions.com/?utm_source=nextdoor&utm_medium=organic_social&utm_campaign=profile,Identify visits from the Nextdoor business page.,Nextdoor business page → Edit → Website
Yelp,profile,Business page website field,/,yelp,referral,profile,,https://sunshineclimatesolutions.com/?utm_source=yelp&utm_medium=referral&utm_campaign=profile,Identify visits from the Yelp business page (directory referral).,Yelp business page → Edit → Website
Gab,profile,Profile website field,/,gab,organic_social,profile,,https://sunshineclimatesolutions.com/?utm_source=gab&utm_medium=organic_social&utm_campaign=profile,Identify visits from the Gab profile website link.,Gab → Edit profile → Links → Website
Parler,profile,Profile website field,/,parler,organic_social,profile,,https://sunshineclimatesolutions.com/?utm_source=parler&utm_medium=organic_social&utm_campaign=profile,Identify visits from the Parler profile website link.,Parler → Edit profile → Links → Website
Bing Places,places,Business listing website field,/,bing,organic,places,,https://sunshineclimatesolutions.com/?utm_source=bing&utm_medium=organic&utm_campaign=places,Identify visits from the Bing Places listing once the profile is approved and live.,Bing Places → Business info → Website (after approval)
Apple Business Connect,business_connect,Business listing website field,/,apple_maps,organic,business_connect,,https://sunshineclimatesolutions.com/?utm_source=apple_maps&utm_medium=organic&utm_campaign=business_connect,Identify visits from the Apple Business Connect / Apple Maps listing once approved and live.,Apple Business Connect → Business details → Website (after approval)
LinkedIn,profile,Company Page website field,/,linkedin,organic_social,profile,,https://sunshineclimatesolutions.com/?utm_source=linkedin&utm_medium=organic_social&utm_campaign=profile,Identify visits from the LinkedIn Company Page website field.,LinkedIn Company Page → Edit page → Website field
Email,signature,Email signature,/,email,email,signature,,https://sunshineclimatesolutions.com/?utm_source=email&utm_medium=email&utm_campaign=signature,Identify visits from the company email signature.,Email signature — link the company name to this URL
SMS,customer_outreach,Saved SMS link,/,sms,direct_message,customer_outreach,,https://sunshineclimatesolutions.com/?utm_source=sms&utm_medium=direct_message&utm_campaign=customer_outreach,Identify visits from text-message outreach to customers.,Saved SMS reply / messaging shortcut
Truck QR,vehicle_branding,Vehicle decal QR,/,truck,qr,vehicle_branding,,https://sunshineclimatesolutions.com/?utm_source=truck&utm_medium=qr&utm_campaign=vehicle_branding,Identify scans from the QR on the work vehicle.,Print public/marketing/qr/truck.svg (or -print.png) onto the vehicle decal
Print QR,business_card,Business card QR,/,print,qr,business_card,,https://sunshineclimatesolutions.com/?utm_source=print&utm_medium=qr&utm_campaign=business_card,Identify scans from the business card QR.,Place public/marketing/qr/business-card.svg in the card artwork
Print QR,door_hanger,Door hanger QR,/,print,qr,door_hanger,,https://sunshineclimatesolutions.com/?utm_source=print&utm_medium=qr&utm_campaign=door_hanger,Identify scans from door hangers.,Place public/marketing/qr/door-hanger.svg in the hanger artwork
Print QR,flyer,Flyer QR,/,print,qr,flyer,,https://sunshineclimatesolutions.com/?utm_source=print&utm_medium=qr&utm_campaign=flyer,Identify scans from printed flyers.,Place public/marketing/qr/flyer.svg in the flyer artwork
Print QR,yard_sign,Yard sign QR,/,print,qr,yard_sign,,https://sunshineclimatesolutions.com/?utm_source=print&utm_medium=qr&utm_campaign=yard_sign,Identify scans from yard signs.,Place public/marketing/qr/yard-sign.svg in the sign artwork
Referral card QR,customer_referral,Referral card QR,/,referral,qr,customer_referral,,https://sunshineclimatesolutions.com/?utm_source=referral&utm_medium=qr&utm_campaign=customer_referral,Identify scans from customer referral cards.,Place public/marketing/qr/referral-card.svg in the card artwork
Facebook,ac_repair,Organic post,/services/ac-repair-diagnostics/,facebook,organic_social,ac_repair,post,https://sunshineclimatesolutions.com/services/ac-repair-diagnostics/?utm_source=facebook&utm_medium=organic_social&utm_campaign=ac_repair&utm_content=post,Attribute Facebook posts that promote AC repair / diagnostics.,Prepared link — copy it when publishing this post.
Facebook,maintenance,Organic post,/services/ac-maintenance/,facebook,organic_social,maintenance,post,https://sunshineclimatesolutions.com/services/ac-maintenance/?utm_source=facebook&utm_medium=organic_social&utm_campaign=maintenance&utm_content=post,Attribute Facebook posts that promote the $75 Premium AC Maintenance visit.,Prepared link — copy it when publishing this post.
Facebook,replacement,Organic post,/services/replacement-installation/,facebook,organic_social,replacement,post,https://sunshineclimatesolutions.com/services/replacement-installation/?utm_source=facebook&utm_medium=organic_social&utm_campaign=replacement&utm_content=post,Attribute Facebook posts that promote replacement / installation.,Prepared link — copy it when publishing this post.
Facebook,airflow,Organic post,/services/airflow-ductwork/,facebook,organic_social,airflow,post,https://sunshineclimatesolutions.com/services/airflow-ductwork/?utm_source=facebook&utm_medium=organic_social&utm_campaign=airflow&utm_content=post,Attribute Facebook posts about airflow / ductwork.,Prepared link — copy it when publishing this post.
Facebook,commercial_hvac,Organic post,/services/commercial-service-maintenance/,facebook,organic_social,commercial_hvac,post,https://sunshineclimatesolutions.com/services/commercial-service-maintenance/?utm_source=facebook&utm_medium=organic_social&utm_campaign=commercial_hvac&utm_content=post,Attribute Facebook posts about commercial HVAC service.,Prepared link — copy it when publishing this post.
Facebook,tab_commissioning,Organic post,/tab-commissioning-support/,facebook,organic_social,tab_commissioning,post,https://sunshineclimatesolutions.com/tab-commissioning-support/?utm_source=facebook&utm_medium=organic_social&utm_campaign=tab_commissioning&utm_content=post,Attribute Facebook posts about TAB / commissioning support.,Prepared link — copy it when publishing this post.
Facebook,contact,Organic post,/contact/,facebook,organic_social,contact,post,https://sunshineclimatesolutions.com/contact/?utm_source=facebook&utm_medium=organic_social&utm_campaign=contact&utm_content=post,Attribute Facebook posts that link straight to the request form.,Prepared link — copy it when publishing this post.
Nextdoor,ac_repair,Organic post,/services/ac-repair-diagnostics/,nextdoor,organic_social,ac_repair,post,https://sunshineclimatesolutions.com/services/ac-repair-diagnostics/?utm_source=nextdoor&utm_medium=organic_social&utm_campaign=ac_repair&utm_content=post,Attribute Nextdoor posts that promote AC repair / diagnostics.,Prepared link — copy it when publishing this post.
Nextdoor,maintenance,Organic post,/services/ac-maintenance/,nextdoor,organic_social,maintenance,post,https://sunshineclimatesolutions.com/services/ac-maintenance/?utm_source=nextdoor&utm_medium=organic_social&utm_campaign=maintenance&utm_content=post,Attribute Nextdoor posts that promote the $75 maintenance visit.,Prepared link — copy it when publishing this post.
Nextdoor,replacement,Organic post,/services/replacement-installation/,nextdoor,organic_social,replacement,post,https://sunshineclimatesolutions.com/services/replacement-installation/?utm_source=nextdoor&utm_medium=organic_social&utm_campaign=replacement&utm_content=post,Attribute Nextdoor posts that promote replacement / installation.,Prepared link — copy it when publishing this post.
Nextdoor,airflow,Organic post,/services/airflow-ductwork/,nextdoor,organic_social,airflow,post,https://sunshineclimatesolutions.com/services/airflow-ductwork/?utm_source=nextdoor&utm_medium=organic_social&utm_campaign=airflow&utm_content=post,Attribute Nextdoor posts about airflow / ductwork.,Prepared link — copy it when publishing this post.
Nextdoor,commercial_hvac,Organic post,/services/commercial-service-maintenance/,nextdoor,organic_social,commercial_hvac,post,https://sunshineclimatesolutions.com/services/commercial-service-maintenance/?utm_source=nextdoor&utm_medium=organic_social&utm_campaign=commercial_hvac&utm_content=post,Attribute Nextdoor posts about commercial HVAC service.,Prepared link — copy it when publishing this post.
Nextdoor,tab_commissioning,Organic post,/tab-commissioning-support/,nextdoor,organic_social,tab_commissioning,post,https://sunshineclimatesolutions.com/tab-commissioning-support/?utm_source=nextdoor&utm_medium=organic_social&utm_campaign=tab_commissioning&utm_content=post,Attribute Nextdoor posts about TAB / commissioning support.,Prepared link — copy it when publishing this post.
Nextdoor,contact,Organic post,/contact/,nextdoor,organic_social,contact,post,https://sunshineclimatesolutions.com/contact/?utm_source=nextdoor&utm_medium=organic_social&utm_campaign=contact&utm_content=post,Attribute Nextdoor posts that link straight to the request form.,Prepared link — copy it when publishing this post.
Email,commercial_outreach,Contractor email,/services/commercial-service-maintenance/,email,email,commercial_outreach,contractor_email,https://sunshineclimatesolutions.com/services/commercial-service-maintenance/?utm_source=email&utm_medium=email&utm_campaign=commercial_outreach&utm_content=contractor_email,Attribute commercial / contractor email outreach.,Prepared link — copy it into this email.
Email,tab_outreach,Contractor email,/tab-commissioning-support/,email,email,tab_outreach,contractor_email,https://sunshineclimatesolutions.com/tab-commissioning-support/?utm_source=email&utm_medium=email&utm_campaign=tab_outreach&utm_content=contractor_email,Attribute TAB / commissioning contractor email outreach.,Prepared link — copy it into this email.
Email,maintenance_outreach,Customer email,/services/ac-maintenance/,email,email,maintenance_outreach,customer_email,https://sunshineclimatesolutions.com/services/ac-maintenance/?utm_source=email&utm_medium=email&utm_campaign=maintenance_outreach&utm_content=customer_email,Attribute maintenance reminder emails to existing customers.,Prepared link — copy it into this email.
Email,replacement_outreach,Customer email,/services/replacement-installation/,email,email,replacement_outreach,customer_email,https://sunshineclimatesolutions.com/services/replacement-installation/?utm_source=email&utm_medium=email&utm_campaign=replacement_outreach&utm_content=customer_email,Attribute replacement / installation follow-up emails.,Prepared link — copy it into this email.
Email,signature,Email signature (contact button),/contact/,email,email,signature,contact_button,https://sunshineclimatesolutions.com/contact/?utm_source=email&utm_medium=email&utm_campaign=signature&utm_content=contact_button,Attribute signature clicks that go straight to the request form.,"Prepared link — use for the signature ""Request service"" button."
SMS,ac_repair_reminder,Saved SMS link,/services/ac-repair-diagnostics/,sms,direct_message,ac_repair_reminder,sms_link,https://sunshineclimatesolutions.com/services/ac-repair-diagnostics/?utm_source=sms&utm_medium=direct_message&utm_campaign=ac_repair_reminder&utm_content=sms_link,Attribute SMS reminders that link to AC repair / diagnostics.,Prepared link — copy it into this text message.
SMS,maintenance_reminder,Saved SMS link,/services/ac-maintenance/,sms,direct_message,maintenance_reminder,sms_link,https://sunshineclimatesolutions.com/services/ac-maintenance/?utm_source=sms&utm_medium=direct_message&utm_campaign=maintenance_reminder&utm_content=sms_link,Attribute SMS maintenance reminders.,Prepared link — copy it into this text message.
Google Business Profile,gbp,Business profile post,/services/ac-repair-diagnostics/,google,organic,gbp,post_ac_repair,https://sunshineclimatesolutions.com/services/ac-repair-diagnostics/?utm_source=google&utm_medium=organic&utm_campaign=gbp&utm_content=post_ac_repair,Attribute GBP posts about AC repair / diagnostics.,Prepared link — copy it into this GBP post.
Google Business Profile,gbp,Business profile post,/services/ac-maintenance/,google,organic,gbp,post_maintenance,https://sunshineclimatesolutions.com/services/ac-maintenance/?utm_source=google&utm_medium=organic&utm_campaign=gbp&utm_content=post_maintenance,Attribute GBP posts about the $75 maintenance visit.,Prepared link — copy it into this GBP post.
Google Business Profile,gbp,Business profile post,/services/commercial-service-maintenance/,google,organic,gbp,post_commercial,https://sunshineclimatesolutions.com/services/commercial-service-maintenance/?utm_source=google&utm_medium=organic&utm_campaign=gbp&utm_content=post_commercial,Attribute GBP posts about commercial HVAC service.,Prepared link — copy it into this GBP post.
Google Business Profile,gbp,Business profile post,/services/airflow-ductwork/,google,organic,gbp,post_airflow,https://sunshineclimatesolutions.com/services/airflow-ductwork/?utm_source=google&utm_medium=organic&utm_campaign=gbp&utm_content=post_airflow,"Attribute GBP posts about airflow, static pressure, and ductwork.",Prepared link — copy it into this GBP post.
Google Business Profile,gbp,Business profile post,/services/replacement-installation/,google,organic,gbp,post_replacement,https://sunshineclimatesolutions.com/services/replacement-installation/?utm_source=google&utm_medium=organic&utm_campaign=gbp&utm_content=post_replacement,"Attribute GBP posts about replacement, installation quality, and free estimates.",Prepared link — copy it into this GBP post.
Print QR,ac_repair,Print QR to AC repair page,/services/ac-repair-diagnostics/,print,qr,ac_repair,,https://sunshineclimatesolutions.com/services/ac-repair-diagnostics/?utm_source=print&utm_medium=qr&utm_campaign=ac_repair,Identify scans from print pieces that point at AC repair / diagnostics.,Place public/marketing/qr/ac-repair.svg wherever a repair-specific QR is needed
Print QR,maintenance,Print QR to maintenance page,/services/ac-maintenance/,print,qr,maintenance,,https://sunshineclimatesolutions.com/services/ac-maintenance/?utm_source=print&utm_medium=qr&utm_campaign=maintenance,Identify scans from print pieces that point at the $75 maintenance page.,Place public/marketing/qr/maintenance.svg wherever a maintenance-specific QR is needed
Print QR,commercial_hvac,Print QR to commercial page,/services/commercial-service-maintenance/,print,qr,commercial_hvac,,https://sunshineclimatesolutions.com/services/commercial-service-maintenance/?utm_source=print&utm_medium=qr&utm_campaign=commercial_hvac,Identify scans from print pieces aimed at commercial clients.,Place public/marketing/qr/commercial-hvac.svg on commercial print pieces
Print QR,tab_commissioning,Print QR to TAB page,/tab-commissioning-support/,print,qr,tab_commissioning,,https://sunshineclimatesolutions.com/tab-commissioning-support/?utm_source=print&utm_medium=qr&utm_campaign=tab_commissioning,Identify scans from print pieces aimed at contractors / TAB clients.,Place public/marketing/qr/tab-commissioning.svg on contractor print pieces
Facebook,support,Fundraiser share post,/support/,facebook,organic_social,support,post,https://sunshineclimatesolutions.com/support/?utm_source=facebook&utm_medium=organic_social&utm_campaign=support&utm_content=post,Attribute fundraiser sharing on Facebook.,Prepared link — copy it when sharing the fundraiser.
Instagram,support,Fundraiser share post/story,/support/,instagram,organic_social,support,post,https://sunshineclimatesolutions.com/support/?utm_source=instagram&utm_medium=organic_social&utm_campaign=support&utm_content=post,Attribute fundraiser sharing on Instagram.,Prepared link — copy it when sharing the fundraiser.
YouTube,support,Founder video description,/support/,youtube,organic_video,support,video,https://sunshineclimatesolutions.com/support/?utm_source=youtube&utm_medium=organic_video&utm_campaign=support&utm_content=video,Attribute the founder video link to the support page.,Prepared link — copy it into the founder video description.
X,support,Fundraiser share post,/support/,x,organic_social,support,post,https://sunshineclimatesolutions.com/support/?utm_source=x&utm_medium=organic_social&utm_campaign=support&utm_content=post,Attribute fundraiser sharing on X.,Prepared link — copy it when sharing the fundraiser.
Gab,support,Fundraiser share post,/support/,gab,organic_social,support,post,https://sunshineclimatesolutions.com/support/?utm_source=gab&utm_medium=organic_social&utm_campaign=support&utm_content=post,Attribute fundraiser sharing on Gab.,Prepared link — copy it when sharing the fundraiser.
Parler,support,Fundraiser share post,/support/,parler,organic_social,support,post,https://sunshineclimatesolutions.com/support/?utm_source=parler&utm_medium=organic_social&utm_campaign=support&utm_content=post,Attribute fundraiser sharing on Parler.,Prepared link — copy it when sharing the fundraiser.
TikTok,support,Fundraiser video,/support/,tiktok,organic_social,support,video,https://sunshineclimatesolutions.com/support/?utm_source=tiktok&utm_medium=organic_social&utm_campaign=support&utm_content=video,Attribute fundraiser videos on TikTok.,Prepared link — copy it when sharing the fundraiser video.
Nextdoor,support,Fundraiser neighborhood post,/support/,nextdoor,organic_social,support,post,https://sunshineclimatesolutions.com/support/?utm_source=nextdoor&utm_medium=organic_social&utm_campaign=support&utm_content=post,Attribute fundraiser sharing on Nextdoor (selective use).,Prepared link — copy it when sharing the fundraiser.
Email,support,Fundraiser announcement email,/support/,email,email,support,announcement,https://sunshineclimatesolutions.com/support/?utm_source=email&utm_medium=email&utm_campaign=support&utm_content=announcement,Attribute fundraiser announcement emails.,Prepared link — copy it into the fundraiser email.
Print QR,support,Print QR to support page,/support/,print,qr,support,,https://sunshineclimatesolutions.com/support/?utm_source=print&utm_medium=qr&utm_campaign=support,Identify scans from fundraiser/community handout QR codes.,"Place public/marketing/qr/support-campaign.svg on fundraiser/community handouts — separate from the truck, business-card, service and review QRs"
