Platform,Business Name,Phone,Website,Location/Service Area,Hours,Category,Description,Profile URL,Consistency Issue,Owner Action Needed,Data Source
Google Business Profile,Sunshine Climate Solutions,unverifiable from public search,unverifiable,Public place reference resolves near ~28.11/-82.54; actual GBP locality/pin UNVERIFIED,unverifiable,HVAC (categories unverifiable),unverifiable,https://maps.app.goo.gl/5TD44KHGmZymgndh9,Public data shows a locality inconsistency; the authenticated GBP has not been verified by this audit,Open the authenticated profile and verify service-area/location settings; do not move the pin based solely on third-party data; verify categories hours phone website,Public search (read-only) September 2026
Bing Places,not observed,NOT AVAILABLE,NOT AVAILABLE,NOT AVAILABLE,NOT AVAILABLE,NOT AVAILABLE,NOT AVAILABLE,NOT AVAILABLE,"No Bing listing or index presence observed at audit time; NOTE post-audit (Oct 2026): listing published and synchronized with GBP (owner-confirmed)","Published and operational; audit imported fields monthly against business.ts (this row records the September 2026 observation)",Public search September 2026
Apple Business Connect / Apple Maps,not observed,NOT AVAILABLE,NOT AVAILABLE,NOT AVAILABLE,NOT AVAILABLE,NOT AVAILABLE,NOT AVAILABLE,NOT AVAILABLE,No maps.apple.com result observed; unclaimed auto-entry cannot be ruled out,Create at business.apple.com,Public search September 2026
Facebook,Sunshine Climate Solutions,not shown in indexed snippet,not shown in indexed snippet,Description says serving Spring Hill and Tampa Bay area,unverifiable,HVAC (page category unverifiable),"Licensed & insured HVAC company serving Spring Hill and the Tampa Bay area.",https://www.facebook.com/p/Sunshine-Climate-Solutions-61594915980759/,Phone/website/hours not visible in public snippet; numeric-ID URL also resolves,Add phone website hours service area; NOTE post-audit: the page URL has since changed — the current URL lives in src/config/business.ts (this row records the September 2026 observation),Public search September 2026
Yelp,SUNSHINE CLIMATE SOLUTIONS,unverifiable (fetch blocked),unverifiable,Slug/city says brooksville,unverifiable,unverifiable,unverifiable,https://www.yelp.com/biz/sunshine-climate-solutions-brooksville,City/slug contradicts Spring Hill branding on every other citation,Correct city/location display; add phone website hours; never solicit Yelp reviews,Public search September 2026
Nextdoor,Sunshine Climate Solutions / SUNSHINE CLIMATE SOLUTIONS,(727) 661-5200,sunshineclimatesolutions.com,Spring Hill FL; no street address shown,7:30 AM-7:30 PM daily,AC/heating service,Active post September 2026,https://nextdoor.com/page/sunshine-climate-solutions/,None material observed; no street address shown (consistent with service-area business),Keep hours/phone current,Public search September 2026
Better Business Bureau,not observed,NOT AVAILABLE,NOT AVAILABLE,NOT AVAILABLE,NOT AVAILABLE,NOT AVAILABLE,NOT AVAILABLE,NOT AVAILABLE,No BBB profile found,Decide intentionally whether to pursue BBB accreditation,Public search September 2026
Angi / Thumbtack / HomeAdvisor / Porch / Houzz,not observed,NOT AVAILABLE,NOT AVAILABLE,NOT AVAILABLE,NOT AVAILABLE,NOT AVAILABLE,NOT AVAILABLE,NOT AVAILABLE,No listings surfaced on any of these,Decide intentionally (lead-gen terms and fees) rather than by accident,Public search September 2026
HVAC/aggregator directories (hvacservice.io BestProsInTown FloridaContractorCheck BuildZoom NationalContractorIndex MapQuest Yellow Pages),not observed,NOT AVAILABLE,NOT AVAILABLE,NOT AVAILABLE,NOT AVAILABLE,NOT AVAILABLE,NOT AVAILABLE,NOT AVAILABLE,No listings surfaced,Optional low-priority claims; avoid paid link packages,Public search September 2026
Chambers of commerce,not observed,NOT AVAILABLE,NOT AVAILABLE,NOT AVAILABLE,NOT AVAILABLE,NOT AVAILABLE,NOT AVAILABLE,NOT AVAILABLE,No chamber listing found,Consider Greater Hernando County Chamber membership (local authority),Public search September 2026
Florida corporate registry (context),SUNSHINE CLIMATE SOLUTIONS LLC,NOT AVAILABLE,NOT AVAILABLE,16221 Alliance Lane Spring Hill FL 34610,NOT AVAILABLE,LLC record,Filed May 20 2026 Doc #L26000283720,flcompanyregistry.com / bizprofile.net,Registered address differs from website positioning (no public address on site),Decide whether to publish an address anywhere (currently intentionally none),Public registry aggregators September 2026
