Keyword,Intent,Service Cluster,Location,Funnel Stage,Estimated Demand Source,Volume / Range,Competition,CPC Low,CPC High,Current SCS Page,Current Impressions,Current Clicks,Current CTR,Current Avg Position,Target Page,Priority,Notes,Data Source,Research Date
ac repair spring hill fl,transactional,repair,Spring Hill,problem-aware,public serp,NOT AVAILABLE,observed high (templated lead-gen + local companies),NOT AVAILABLE,NOT AVAILABLE,/services/ac-repair-diagnostics/,NOT AVAILABLE,NOT AVAILABLE,NOT AVAILABLE,NOT AVAILABLE,/services/ac-repair-diagnostics/,P0,Core money query; repair page title targets it,Public SERP observation (non-localized single snapshot),2026-09-29
ac repair spring hill,transactional,repair,Spring Hill,problem-aware,public serp,NOT AVAILABLE,observed high,NOT AVAILABLE,NOT AVAILABLE,/services/ac-repair-diagnostics/,NOT AVAILABLE,NOT AVAILABLE,NOT AVAILABLE,NOT AVAILABLE,/services/ac-repair-diagnostics/,P0,Core money query,Public SERP observation,2026-09-29
air conditioning repair spring hill,transactional,repair,Spring Hill,problem-aware,public serp,NOT AVAILABLE,observed high,NOT AVAILABLE,NOT AVAILABLE,/services/ac-repair-diagnostics/,NOT AVAILABLE,NOT AVAILABLE,NOT AVAILABLE,NOT AVAILABLE,/services/ac-repair-diagnostics/,P0,Same intent as ac repair spring hill,Public SERP observation,2026-09-29
hvac repair spring hill,transactional,repair,Spring Hill,problem-aware,serp inference,NOT AVAILABLE,NOT AVAILABLE,NOT AVAILABLE,NOT AVAILABLE,/services/ac-repair-diagnostics/,NOT AVAILABLE,NOT AVAILABLE,NOT AVAILABLE,NOT AVAILABLE,/services/ac-repair-diagnostics/,P1,Sibling phrasing,Public SERP observation,2026-09-29
ac repair near me,transactional,repair,near me,problem-aware,public serp,NOT AVAILABLE,observed high (national/local mix),NOT AVAILABLE,NOT AVAILABLE,/services/ac-repair-diagnostics/,NOT AVAILABLE,NOT AVAILABLE,NOT AVAILABLE,NOT AVAILABLE,/services/ac-repair-diagnostics/,P1,Proximity-dependent; supported by hub + GBP,Public SERP observation,2026-09-29
hvac repair,transactional,repair,none,problem-aware,public serp,NOT AVAILABLE,observed high,NOT AVAILABLE,NOT AVAILABLE,/,NOT AVAILABLE,NOT AVAILABLE,NOT AVAILABLE,NOT AVAILABLE,/,P2,Broad; homepage carries it,Public SERP observation,2026-09-29
ac not cooling,informational,repair,none,problem-aware,public serp,NOT AVAILABLE,observed high (national manufacturer content),NOT AVAILABLE,NOT AVAILABLE,/faq/ + /services/ac-repair-diagnostics/,NOT AVAILABLE,NOT AVAILABLE,NOT AVAILABLE,NOT AVAILABLE,/services/ac-repair-diagnostics/,P1,New FAQ answers it; repair page owns the topic,Public SERP observation,2026-09-29
ac blowing warm air,informational,repair,none,problem-aware,serp inference,NOT AVAILABLE,NOT AVAILABLE,NOT AVAILABLE,NOT AVAILABLE,/services/ac-repair-diagnostics/,NOT AVAILABLE,NOT AVAILABLE,NOT AVAILABLE,NOT AVAILABLE,/services/ac-repair-diagnostics/,P2,Repair page copy already covers,Public SERP observation,2026-09-29
air conditioner not working,informational,repair,none,problem-aware,serp inference,NOT AVAILABLE,NOT AVAILABLE,NOT AVAILABLE,NOT AVAILABLE,/services/ac-repair-diagnostics/,NOT AVAILABLE,NOT AVAILABLE,NOT AVAILABLE,NOT AVAILABLE,/services/ac-repair-diagnostics/,P2,Repair page copy,Inference from cluster,2026-09-29
ac stopped working,informational,repair,none,problem-aware,serp inference,NOT AVAILABLE,NOT AVAILABLE,NOT AVAILABLE,NOT AVAILABLE,/services/ac-repair-diagnostics/,NOT AVAILABLE,NOT AVAILABLE,NOT AVAILABLE,NOT AVAILABLE,/services/ac-repair-diagnostics/,P2,Repair page copy,Inference from cluster,2026-09-29
emergency ac repair,transactional,repair,Tampa Bay,problem-aware,serp inference,NOT AVAILABLE,NOT AVAILABLE,NOT AVAILABLE,NOT AVAILABLE,/services/ac-repair-diagnostics/,NOT AVAILABLE,NOT AVAILABLE,NOT AVAILABLE,NOT AVAILABLE,/services/ac-repair-diagnostics/,P3,No emergency/24-7 claim is made; open 7:30-7:30 daily only,Inference; owner-verified hours,2026-09-29
ac repair brooksville fl,transactional,repair,Brooksville,problem-aware,public serp,NOT AVAILABLE,observed medium (templated + 2 local),NOT AVAILABLE,NOT AVAILABLE,/services/ac-repair-diagnostics/,NOT AVAILABLE,NOT AVAILABLE,NOT AVAILABLE,NOT AVAILABLE,/services/ac-repair-diagnostics/,P2,Tier-1 neighbor market; no dedicated page yet,Public SERP observation,2026-09-29
ac repair new port richey,transactional,repair,New Port Richey,problem-aware,public serp,NOT AVAILABLE,observed high (templated),NOT AVAILABLE,NOT AVAILABLE,/services/ac-repair-diagnostics/,NOT AVAILABLE,NOT AVAILABLE,NOT AVAILABLE,NOT AVAILABLE,/services/ac-repair-diagnostics/,P2,Tier-2 Pasco; page deferred,Public SERP observation,2026-09-29
ac repair tampa,transactional,repair,Tampa,problem-aware,serp inference,NOT AVAILABLE,NOT AVAILABLE,NOT AVAILABLE,NOT AVAILABLE,/services/ac-repair-diagnostics/,NOT AVAILABLE,NOT AVAILABLE,NOT AVAILABLE,NOT AVAILABLE,/services/ac-repair-diagnostics/,P3,Tier-4 market; high competition,Inference,2026-09-29
hvac technician near me,transactional,repair,near me,problem-aware,serp inference,NOT AVAILABLE,NOT AVAILABLE,NOT AVAILABLE,NOT AVAILABLE,/services/ac-repair-diagnostics/,NOT AVAILABLE,NOT AVAILABLE,NOT AVAILABLE,NOT AVAILABLE,/services/ac-repair-diagnostics/,P3,Proximity-dependent,Inference,2026-09-29
hvac spring hill fl,commercial,company,Spring Hill,vendor-aware,public serp,NOT AVAILABLE,observed medium (directory + templated),NOT AVAILABLE,NOT AVAILABLE,/ + /service-area/spring-hill-fl/,NOT AVAILABLE,NOT AVAILABLE,NOT AVAILABLE,NOT AVAILABLE,/,P0,Primary company query; homepage title + hub,Public SERP observation,2026-09-29
hvac company spring hill,commercial,company,Spring Hill,vendor-aware,serp inference,NOT AVAILABLE,NOT AVAILABLE,NOT AVAILABLE,NOT AVAILABLE,/,NOT AVAILABLE,NOT AVAILABLE,NOT AVAILABLE,NOT AVAILABLE,/,P1,Homepage + hub,Inference,2026-09-29
hvac contractor spring hill,commercial,company,Spring Hill,vendor-aware,serp inference,NOT AVAILABLE,NOT AVAILABLE,NOT AVAILABLE,NOT AVAILABLE,/,NOT AVAILABLE,NOT AVAILABLE,NOT AVAILABLE,NOT AVAILABLE,/,P1,Homepage + hub,Inference,2026-09-29
heating and cooling spring hill,commercial,company,Spring Hill,vendor-aware,serp inference,NOT AVAILABLE,NOT AVAILABLE,NOT AVAILABLE,NOT AVAILABLE,/,NOT AVAILABLE,NOT AVAILABLE,NOT AVAILABLE,NOT AVAILABLE,/,P1,Homepage + hub,Inference,2026-09-29
hvac company,commercial,company,none,vendor-aware,serp inference,NOT AVAILABLE,NOT AVAILABLE,NOT AVAILABLE,NOT AVAILABLE,/,NOT AVAILABLE,NOT AVAILABLE,NOT AVAILABLE,NOT AVAILABLE,/,P3,Broad national term,Inference,2026-09-29
hvac contractor,commercial,company,none,vendor-aware,serp inference,NOT AVAILABLE,NOT AVAILABLE,NOT AVAILABLE,NOT AVAILABLE,/,NOT AVAILABLE,NOT AVAILABLE,NOT AVAILABLE,NOT AVAILABLE,/,P3,Broad,Inference,2026-09-29
air conditioning company,commercial,company,none,vendor-aware,serp inference,NOT AVAILABLE,NOT AVAILABLE,NOT AVAILABLE,NOT AVAILABLE,/,NOT AVAILABLE,NOT AVAILABLE,NOT AVAILABLE,NOT AVAILABLE,/,P3,Broad,Inference,2026-09-29
ac company near me,commercial,company,near me,vendor-aware,serp inference,NOT AVAILABLE,NOT AVAILABLE,NOT AVAILABLE,NOT AVAILABLE,/,NOT AVAILABLE,NOT AVAILABLE,NOT AVAILABLE,NOT AVAILABLE,/,P2,Proximity-dependent,Inference,2026-09-29
local hvac company,commercial,company,none,vendor-aware,serp inference,NOT AVAILABLE,NOT AVAILABLE,NOT AVAILABLE,NOT AVAILABLE,/,NOT AVAILABLE,NOT AVAILABLE,NOT AVAILABLE,NOT AVAILABLE,/,P3,Broad,Inference,2026-09-29
ac maintenance spring hill,commercial,maintenance,Spring Hill,solution-aware,public serp,NOT AVAILABLE,observed medium (wrong-state pollution),NOT AVAILABLE,NOT AVAILABLE,/services/ac-maintenance/,NOT AVAILABLE,NOT AVAILABLE,NOT AVAILABLE,NOT AVAILABLE,/services/ac-maintenance/,P1,Maintenance page already localized,Public SERP observation,2026-09-29
ac tune up spring hill,commercial,maintenance,Spring Hill,solution-aware,serp inference,NOT AVAILABLE,NOT AVAILABLE,NOT AVAILABLE,NOT AVAILABLE,/services/ac-maintenance/,NOT AVAILABLE,NOT AVAILABLE,NOT AVAILABLE,NOT AVAILABLE,/services/ac-maintenance/,P1,Add tune-up synonym naturally to maintenance copy,Inference,2026-09-29
ac maintenance,commercial,maintenance,none,solution-aware,serp inference,NOT AVAILABLE,NOT AVAILABLE,NOT AVAILABLE,NOT AVAILABLE,/services/ac-maintenance/,NOT AVAILABLE,NOT AVAILABLE,NOT AVAILABLE,NOT AVAILABLE,/services/ac-maintenance/,P2,Broad,Inference,2026-09-29
air conditioner maintenance,commercial,maintenance,none,solution-aware,serp inference,NOT AVAILABLE,NOT AVAILABLE,NOT AVAILABLE,NOT AVAILABLE,/services/ac-maintenance/,NOT AVAILABLE,NOT AVAILABLE,NOT AVAILABLE,NOT AVAILABLE,/services/ac-maintenance/,P2,Sibling phrasing,Inference,2026-09-29
hvac maintenance,commercial,maintenance,none,solution-aware,serp inference,NOT AVAILABLE,NOT AVAILABLE,NOT AVAILABLE,NOT AVAILABLE,/services/ac-maintenance/,NOT AVAILABLE,NOT AVAILABLE,NOT AVAILABLE,NOT AVAILABLE,/services/ac-maintenance/,P2,Broad,Inference,2026-09-29
ac tune up,commercial,maintenance,none,solution-aware,serp inference,NOT AVAILABLE,NOT AVAILABLE,NOT AVAILABLE,NOT AVAILABLE,/services/ac-maintenance/,NOT AVAILABLE,NOT AVAILABLE,NOT AVAILABLE,NOT AVAILABLE,/services/ac-maintenance/,P2,Synonym for the $75 visit,Inference,2026-09-29
condenser coil cleaning,informational,maintenance,none,solution-aware,serp inference,NOT AVAILABLE,NOT AVAILABLE,NOT AVAILABLE,NOT AVAILABLE,/services/ac-maintenance/,NOT AVAILABLE,NOT AVAILABLE,NOT AVAILABLE,NOT AVAILABLE,/services/ac-maintenance/,P3,Included in the maintenance visit copy,Inference,2026-09-29
ac drain cleaning,informational,maintenance,none,problem-aware,serp inference,NOT AVAILABLE,NOT AVAILABLE,NOT AVAILABLE,NOT AVAILABLE,/services/ac-maintenance/,NOT AVAILABLE,NOT AVAILABLE,NOT AVAILABLE,NOT AVAILABLE,/services/ac-maintenance/,P3,Condensate drain flush covered,Inference,2026-09-29
ac maintenance brooksville,commercial,maintenance,Brooksville,solution-aware,serp inference,NOT AVAILABLE,NOT AVAILABLE,NOT AVAILABLE,NOT AVAILABLE,/services/ac-maintenance/,NOT AVAILABLE,NOT AVAILABLE,NOT AVAILABLE,NOT AVAILABLE,/services/ac-maintenance/,P3,Tier-1 neighbor; no dedicated page,Inference,2026-09-29
ac replacement spring hill,commercial,replacement,Spring Hill,decision,serp inference,NOT AVAILABLE,NOT AVAILABLE,NOT AVAILABLE,NOT AVAILABLE,/services/replacement-installation/,NOT AVAILABLE,NOT AVAILABLE,NOT AVAILABLE,NOT AVAILABLE,/services/replacement-installation/,P1,High-ticket; title now localized,Inference,2026-09-29
ac installation spring hill,commercial,replacement,Spring Hill,decision,serp inference,NOT AVAILABLE,NOT AVAILABLE,NOT AVAILABLE,NOT AVAILABLE,/services/replacement-installation/,NOT AVAILABLE,NOT AVAILABLE,NOT AVAILABLE,NOT AVAILABLE,/services/replacement-installation/,P1,High-ticket,Inference,2026-09-29
ac replacement,commercial,replacement,none,decision,serp inference,NOT AVAILABLE,NOT AVAILABLE,NOT AVAILABLE,NOT AVAILABLE,/services/replacement-installation/,NOT AVAILABLE,NOT AVAILABLE,NOT AVAILABLE,NOT AVAILABLE,/services/replacement-installation/,P2,Broad,Inference,2026-09-29
ac installation,commercial,replacement,none,decision,serp inference,NOT AVAILABLE,NOT AVAILABLE,NOT AVAILABLE,NOT AVAILABLE,/services/replacement-installation/,NOT AVAILABLE,NOT AVAILABLE,NOT AVAILABLE,NOT AVAILABLE,/services/replacement-installation/,P2,Broad,Inference,2026-09-29
new ac system,commercial,replacement,none,decision,serp inference,NOT AVAILABLE,NOT AVAILABLE,NOT AVAILABLE,NOT AVAILABLE,/services/replacement-installation/,NOT AVAILABLE,NOT AVAILABLE,NOT AVAILABLE,NOT AVAILABLE,/services/replacement-installation/,P2,Customer phrasing,Inference,2026-09-29
heat pump replacement,commercial,replacement,none,decision,serp inference,NOT AVAILABLE,NOT AVAILABLE,NOT AVAILABLE,NOT AVAILABLE,/services/replacement-installation/,NOT AVAILABLE,NOT AVAILABLE,NOT AVAILABLE,NOT AVAILABLE,/services/replacement-installation/,P3,Covered where applicable,Inference,2026-09-29
heat pump installation,commercial,replacement,none,decision,serp inference,NOT AVAILABLE,NOT AVAILABLE,NOT AVAILABLE,NOT AVAILABLE,/services/replacement-installation/,NOT AVAILABLE,NOT AVAILABLE,NOT AVAILABLE,NOT AVAILABLE,/services/replacement-installation/,P3,Covered where applicable,Inference,2026-09-29
ac replacement estimate,commercial,replacement,none,decision,serp inference,NOT AVAILABLE,NOT AVAILABLE,NOT AVAILABLE,NOT AVAILABLE,/services/replacement-installation/,NOT AVAILABLE,NOT AVAILABLE,NOT AVAILABLE,NOT AVAILABLE,/services/replacement-installation/,P2,Free estimates stated,Inference,2026-09-29
ductwork repair spring hill,commercial,airflow,Spring Hill,problem-aware,public serp,NOT AVAILABLE,observed medium (wrong-state pollution),NOT AVAILABLE,NOT AVAILABLE,/services/airflow-ductwork/,NOT AVAILABLE,NOT AVAILABLE,NOT AVAILABLE,NOT AVAILABLE,/services/airflow-ductwork/,P1,Title now localized,Public SERP observation,2026-09-29
ac airflow problem,informational,airflow,none,problem-aware,serp inference,NOT AVAILABLE,NOT AVAILABLE,NOT AVAILABLE,NOT AVAILABLE,/services/airflow-ductwork/,NOT AVAILABLE,NOT AVAILABLE,NOT AVAILABLE,NOT AVAILABLE,/services/airflow-ductwork/,P2,Airflow page owns it,Inference,2026-09-29
weak airflow from vents,informational,airflow,none,problem-aware,serp inference,NOT AVAILABLE,NOT AVAILABLE,NOT AVAILABLE,NOT AVAILABLE,/services/airflow-ductwork/,NOT AVAILABLE,NOT AVAILABLE,NOT AVAILABLE,NOT AVAILABLE,/services/airflow-ductwork/,P2,Airflow page copy,Inference,2026-09-29
hot room hvac,informational,airflow,none,problem-aware,serp inference,NOT AVAILABLE,NOT AVAILABLE,NOT AVAILABLE,NOT AVAILABLE,/services/airflow-ductwork/,NOT AVAILABLE,NOT AVAILABLE,NOT AVAILABLE,NOT AVAILABLE,/services/airflow-ductwork/,P2,New FAQ covers one-hot-room,Inference,2026-09-29
static pressure hvac,informational,airflow,none,problem-aware,serp inference,NOT AVAILABLE,NOT AVAILABLE,NOT AVAILABLE,NOT AVAILABLE,/services/airflow-ductwork/,NOT AVAILABLE,NOT AVAILABLE,NOT AVAILABLE,NOT AVAILABLE,/services/airflow-ductwork/,P3,Authority/differentiation; new FAQ defines it,Inference,2026-09-29
air balancing,commercial,airflow,Tampa Bay,problem-aware,public serp,NOT AVAILABLE,observed medium (specialty firms + directory),NOT AVAILABLE,NOT AVAILABLE,/services/airflow-ductwork/,NOT AVAILABLE,NOT AVAILABLE,NOT AVAILABLE,NOT AVAILABLE,/services/airflow-ductwork/,P2,Residential balancing intent,Public SERP observation,2026-09-29
duct balancing,commercial,airflow,Tampa Bay,problem-aware,serp inference,NOT AVAILABLE,NOT AVAILABLE,NOT AVAILABLE,NOT AVAILABLE,/services/airflow-ductwork/,NOT AVAILABLE,NOT AVAILABLE,NOT AVAILABLE,NOT AVAILABLE,/services/airflow-ductwork/,P3,Sibling phrasing,Inference,2026-09-29
humidity problems hvac,informational,airflow,none,problem-aware,serp inference,NOT AVAILABLE,NOT AVAILABLE,NOT AVAILABLE,NOT AVAILABLE,/services/airflow-ductwork/,NOT AVAILABLE,NOT AVAILABLE,NOT AVAILABLE,NOT AVAILABLE,/services/airflow-ductwork/,P3,Florida humidity angle,Inference,2026-09-29
room not cooling,informational,airflow,none,problem-aware,serp inference,NOT AVAILABLE,NOT AVAILABLE,NOT AVAILABLE,NOT AVAILABLE,/services/airflow-ductwork/,NOT AVAILABLE,NOT AVAILABLE,NOT AVAILABLE,NOT AVAILABLE,/services/airflow-ductwork/,P2,Airflow vs refrigeration split,Inference,2026-09-29
return air problem,informational,airflow,none,problem-aware,serp inference,NOT AVAILABLE,NOT AVAILABLE,NOT AVAILABLE,NOT AVAILABLE,/services/airflow-ductwork/,NOT AVAILABLE,NOT AVAILABLE,NOT AVAILABLE,NOT AVAILABLE,/services/airflow-ductwork/,P3,Airflow page covers returns,Inference,2026-09-29
duct leakage,informational,airflow,none,problem-aware,serp inference,NOT AVAILABLE,NOT AVAILABLE,NOT AVAILABLE,NOT AVAILABLE,/services/airflow-ductwork/,NOT AVAILABLE,NOT AVAILABLE,NOT AVAILABLE,NOT AVAILABLE,/services/airflow-ductwork/,P3,Covered,Inference,2026-09-29
one room hotter than others,informational,airflow,none,problem-aware,serp inference,NOT AVAILABLE,NOT AVAILABLE,NOT AVAILABLE,NOT AVAILABLE,/faq/ + /services/airflow-ductwork/,NOT AVAILABLE,NOT AVAILABLE,NOT AVAILABLE,NOT AVAILABLE,/services/airflow-ductwork/,P2,New FAQ,Inference,2026-09-29
ac capacitor repair,transactional,electrical,none,problem-aware,serp inference,NOT AVAILABLE,NOT AVAILABLE,NOT AVAILABLE,NOT AVAILABLE,/services/ac-repair-diagnostics/,NOT AVAILABLE,NOT AVAILABLE,NOT AVAILABLE,NOT AVAILABLE,/services/ac-repair-diagnostics/,P2,Subtopic of repair page; no dedicated page,Inference,2026-09-29
ac contactor repair,transactional,electrical,none,problem-aware,serp inference,NOT AVAILABLE,NOT AVAILABLE,NOT AVAILABLE,NOT AVAILABLE,/services/ac-repair-diagnostics/,NOT AVAILABLE,NOT AVAILABLE,NOT AVAILABLE,NOT AVAILABLE,/services/ac-repair-diagnostics/,P3,Subtopic,Inference,2026-09-29
ac control board repair,transactional,electrical,none,problem-aware,serp inference,NOT AVAILABLE,NOT AVAILABLE,NOT AVAILABLE,NOT AVAILABLE,/services/ac-repair-diagnostics/,NOT AVAILABLE,NOT AVAILABLE,NOT AVAILABLE,NOT AVAILABLE,/services/ac-repair-diagnostics/,P2,Repair page lists control boards,Inference,2026-09-29
hvac electrical repair,transactional,electrical,none,problem-aware,serp inference,NOT AVAILABLE,NOT AVAILABLE,NOT AVAILABLE,NOT AVAILABLE,/services/ac-repair-diagnostics/,NOT AVAILABLE,NOT AVAILABLE,NOT AVAILABLE,NOT AVAILABLE,/services/ac-repair-diagnostics/,P3,Repair page differentiator,Inference,2026-09-29
blower motor repair,transactional,electrical,none,problem-aware,serp inference,NOT AVAILABLE,NOT AVAILABLE,NOT AVAILABLE,NOT AVAILABLE,/services/ac-repair-diagnostics/,NOT AVAILABLE,NOT AVAILABLE,NOT AVAILABLE,NOT AVAILABLE,/services/ac-repair-diagnostics/,P3,Subtopic,Inference,2026-09-29
condenser fan motor repair,transactional,electrical,none,problem-aware,serp inference,NOT AVAILABLE,NOT AVAILABLE,NOT AVAILABLE,NOT AVAILABLE,/services/ac-repair-diagnostics/,NOT AVAILABLE,NOT AVAILABLE,NOT AVAILABLE,NOT AVAILABLE,/services/ac-repair-diagnostics/,P3,Subtopic,Inference,2026-09-29
thermostat repair,transactional,electrical,none,problem-aware,serp inference,NOT AVAILABLE,NOT AVAILABLE,NOT AVAILABLE,NOT AVAILABLE,/services/ac-repair-diagnostics/,NOT AVAILABLE,NOT AVAILABLE,NOT AVAILABLE,NOT AVAILABLE,/services/ac-repair-diagnostics/,P3,Subtopic,Inference,2026-09-29
ac tripping breaker,informational,electrical,none,problem-aware,serp inference,NOT AVAILABLE,NOT AVAILABLE,NOT AVAILABLE,NOT AVAILABLE,/faq/ + /services/ac-repair-diagnostics/,NOT AVAILABLE,NOT AVAILABLE,NOT AVAILABLE,NOT AVAILABLE,/services/ac-repair-diagnostics/,P2,New FAQ,Inference,2026-09-29
ac freezing up,informational,repair,none,problem-aware,serp inference,NOT AVAILABLE,NOT AVAILABLE,NOT AVAILABLE,NOT AVAILABLE,/faq/ + /services/ac-repair-diagnostics/,NOT AVAILABLE,NOT AVAILABLE,NOT AVAILABLE,NOT AVAILABLE,/services/ac-repair-diagnostics/,P2,New FAQ,Inference,2026-09-29
commercial hvac repair tampa,commercial,commercial,Tampa,vendor-aware,public serp,NOT AVAILABLE,observed high (established contractors),NOT AVAILABLE,NOT AVAILABLE,/services/commercial-service-maintenance/,NOT AVAILABLE,NOT AVAILABLE,NOT AVAILABLE,NOT AVAILABLE,/services/commercial-service-maintenance/,P1,B2B money cluster,Public SERP observation,2026-09-29
commercial hvac service,commercial,commercial,Tampa Bay,vendor-aware,serp inference,NOT AVAILABLE,NOT AVAILABLE,NOT AVAILABLE,NOT AVAILABLE,/services/commercial-service-maintenance/,NOT AVAILABLE,NOT AVAILABLE,NOT AVAILABLE,NOT AVAILABLE,/services/commercial-service-maintenance/,P1,Commercial page owns it,Inference,2026-09-29
commercial ac repair,commercial,commercial,Tampa Bay,vendor-aware,serp inference,NOT AVAILABLE,NOT AVAILABLE,NOT AVAILABLE,NOT AVAILABLE,/services/commercial-service-maintenance/,NOT AVAILABLE,NOT AVAILABLE,NOT AVAILABLE,NOT AVAILABLE,/services/commercial-service-maintenance/,P1,Commercial page,Inference,2026-09-29
commercial hvac maintenance,commercial,commercial,Tampa Bay,vendor-aware,serp inference,NOT AVAILABLE,NOT AVAILABLE,NOT AVAILABLE,NOT AVAILABLE,/services/commercial-service-maintenance/,NOT AVAILABLE,NOT AVAILABLE,NOT AVAILABLE,NOT AVAILABLE,/services/commercial-service-maintenance/,P1,Commercial page,Inference,2026-09-29
rooftop unit repair,commercial,commercial,Tampa Bay,vendor-aware,serp inference,NOT AVAILABLE,NOT AVAILABLE,NOT AVAILABLE,NOT AVAILABLE,/services/commercial-service-maintenance/,NOT AVAILABLE,NOT AVAILABLE,NOT AVAILABLE,NOT AVAILABLE,/services/commercial-service-maintenance/,P2,RTU term not yet on page; candidate addition,Inference,2026-09-29
rtu service,commercial,commercial,Tampa Bay,vendor-aware,serp inference,NOT AVAILABLE,NOT AVAILABLE,NOT AVAILABLE,NOT AVAILABLE,/services/commercial-service-maintenance/,NOT AVAILABLE,NOT AVAILABLE,NOT AVAILABLE,NOT AVAILABLE,/services/commercial-service-maintenance/,P2,Acronym used by property managers,Inference,2026-09-29
commercial hvac contractor,commercial,commercial,Tampa Bay,vendor-aware,serp inference,NOT AVAILABLE,NOT AVAILABLE,NOT AVAILABLE,NOT AVAILABLE,/services/commercial-service-maintenance/,NOT AVAILABLE,NOT AVAILABLE,NOT AVAILABLE,NOT AVAILABLE,/services/commercial-service-maintenance/,P2,Sibling phrasing,Inference,2026-09-29
commercial air conditioning contractor,commercial,commercial,Tampa Bay,vendor-aware,serp inference,NOT AVAILABLE,NOT AVAILABLE,NOT AVAILABLE,NOT AVAILABLE,/services/commercial-service-maintenance/,NOT AVAILABLE,NOT AVAILABLE,NOT AVAILABLE,NOT AVAILABLE,/services/commercial-service-maintenance/,P3,Sibling phrasing,Inference,2026-09-29
tab contractor tampa,commercial,tab,Tampa,vendor-aware,public serp,NOT AVAILABLE,observed low relevance signal (TAB acronym ambiguity),NOT AVAILABLE,NOT AVAILABLE,/tab-commissioning-support/,NOT AVAILABLE,NOT AVAILABLE,NOT AVAILABLE,NOT AVAILABLE,/tab-commissioning-support/,P1,High-value specialty; only one true TAB firm observed,Public SERP observation,2026-09-29
testing adjusting balancing,commercial,tab,none,vendor-aware,serp inference,NOT AVAILABLE,NOT AVAILABLE,NOT AVAILABLE,NOT AVAILABLE,/tab-commissioning-support/,NOT AVAILABLE,NOT AVAILABLE,NOT AVAILABLE,NOT AVAILABLE,/tab-commissioning-support/,P1,Expanded form on page,Inference,2026-09-29
test and balance contractor,commercial,tab,Tampa Bay,vendor-aware,serp inference,NOT AVAILABLE,NOT AVAILABLE,NOT AVAILABLE,NOT AVAILABLE,/tab-commissioning-support/,NOT AVAILABLE,NOT AVAILABLE,NOT AVAILABLE,NOT AVAILABLE,/tab-commissioning-support/,P2,Sibling phrasing,Inference,2026-09-29
air balancing contractor,commercial,tab,Tampa,problem-aware,public serp,NOT AVAILABLE,observed medium,NOT AVAILABLE,NOT AVAILABLE,/tab-commissioning-support/,NOT AVAILABLE,NOT AVAILABLE,NOT AVAILABLE,NOT AVAILABLE,/tab-commissioning-support/,P2,B2B balancing intent,Public SERP observation,2026-09-29
hvac balancing,commercial,tab,Tampa Bay,problem-aware,serp inference,NOT AVAILABLE,NOT AVAILABLE,NOT AVAILABLE,NOT AVAILABLE,/tab-commissioning-support/,NOT AVAILABLE,NOT AVAILABLE,NOT AVAILABLE,NOT AVAILABLE,/tab-commissioning-support/,P3,Sibling phrasing,Inference,2026-09-29
commercial air balancing,commercial,tab,Tampa Bay,problem-aware,serp inference,NOT AVAILABLE,NOT AVAILABLE,NOT AVAILABLE,NOT AVAILABLE,/tab-commissioning-support/,NOT AVAILABLE,NOT AVAILABLE,NOT AVAILABLE,NOT AVAILABLE,/tab-commissioning-support/,P2,B2B balancing,Inference,2026-09-29
duct traverse,informational,tab,none,problem-aware,serp inference,NOT AVAILABLE,NOT AVAILABLE,NOT AVAILABLE,NOT AVAILABLE,/tab-commissioning-support/,NOT AVAILABLE,NOT AVAILABLE,NOT AVAILABLE,NOT AVAILABLE,/tab-commissioning-support/,P3,Technical authority term on page,Inference,2026-09-29
airflow measurement,informational,tab,none,problem-aware,serp inference,NOT AVAILABLE,NOT AVAILABLE,NOT AVAILABLE,NOT AVAILABLE,/tab-commissioning-support/,NOT AVAILABLE,NOT AVAILABLE,NOT AVAILABLE,NOT AVAILABLE,/tab-commissioning-support/,P3,On page; shared with airflow service,Inference,2026-09-29
outside air verification,informational,tab,none,problem-aware,serp inference,NOT AVAILABLE,NOT AVAILABLE,NOT AVAILABLE,NOT AVAILABLE,/tab-commissioning-support/,NOT AVAILABLE,NOT AVAILABLE,NOT AVAILABLE,NOT AVAILABLE,/tab-commissioning-support/,P3,On page,Inference,2026-09-29
building pressure testing,informational,tab,none,problem-aware,serp inference,NOT AVAILABLE,NOT AVAILABLE,NOT AVAILABLE,NOT AVAILABLE,/tab-commissioning-support/,NOT AVAILABLE,NOT AVAILABLE,NOT AVAILABLE,NOT AVAILABLE,/tab-commissioning-support/,P3,On page,Inference,2026-09-29
hvac commissioning support,commercial,tab,Tampa Bay,vendor-aware,serp inference,NOT AVAILABLE,NOT AVAILABLE,NOT AVAILABLE,NOT AVAILABLE,/tab-commissioning-support/,NOT AVAILABLE,NOT AVAILABLE,NOT AVAILABLE,NOT AVAILABLE,/tab-commissioning-support/,P2,On page,Inference,2026-09-29
commissioning contractor,commercial,tab,Tampa Bay,vendor-aware,serp inference,NOT AVAILABLE,NOT AVAILABLE,NOT AVAILABLE,NOT AVAILABLE,/tab-commissioning-support/,NOT AVAILABLE,NOT AVAILABLE,NOT AVAILABLE,NOT AVAILABLE,/tab-commissioning-support/,P3,Sibling phrasing,Inference,2026-09-29
air balancing tampa,commercial,tab,Tampa,problem-aware,public serp,NOT AVAILABLE,observed medium (specialty + directory),NOT AVAILABLE,NOT AVAILABLE,/tab-commissioning-support/,NOT AVAILABLE,NOT AVAILABLE,NOT AVAILABLE,NOT AVAILABLE,/tab-commissioning-support/,P2,Observed BBB category page ranks,Public SERP observation,2026-09-29
hvac commissioning tampa,commercial,tab,Tampa,vendor-aware,public serp,NOT AVAILABLE,observed low relevance (generic HVAC pages rank),NOT AVAILABLE,NOT AVAILABLE,/tab-commissioning-support/,NOT AVAILABLE,NOT AVAILABLE,NOT AVAILABLE,NOT AVAILABLE,/tab-commissioning-support/,P3,Weak intent match in SERP,Public SERP observation,2026-09-29
carrier ac repair,transactional,brand,Tampa Bay,problem-aware,serp inference,NOT AVAILABLE,NOT AVAILABLE,NOT AVAILABLE,NOT AVAILABLE,/services/ac-repair-diagnostics/,NOT AVAILABLE,NOT AVAILABLE,NOT AVAILABLE,NOT AVAILABLE,/services/ac-repair-diagnostics/,P3,Brand list on repair page; no dedicated pages,Inference,2026-09-29
trane ac repair,transactional,brand,Tampa Bay,problem-aware,serp inference,NOT AVAILABLE,NOT AVAILABLE,NOT AVAILABLE,NOT AVAILABLE,/services/ac-repair-diagnostics/,NOT AVAILABLE,NOT AVAILABLE,NOT AVAILABLE,NOT AVAILABLE,/services/ac-repair-diagnostics/,P3,No dedicated pages,Inference,2026-09-29
rheem ac repair,transactional,brand,Tampa Bay,problem-aware,serp inference,NOT AVAILABLE,NOT AVAILABLE,NOT AVAILABLE,NOT AVAILABLE,/services/ac-repair-diagnostics/,NOT AVAILABLE,NOT AVAILABLE,NOT AVAILABLE,NOT AVAILABLE,/services/ac-repair-diagnostics/,P3,No dedicated pages,Inference,2026-09-29
ruud ac repair,transactional,brand,Tampa Bay,problem-aware,serp inference,NOT AVAILABLE,NOT AVAILABLE,NOT AVAILABLE,NOT AVAILABLE,/services/ac-repair-diagnostics/,NOT AVAILABLE,NOT AVAILABLE,NOT AVAILABLE,NOT AVAILABLE,/services/ac-repair-diagnostics/,P3,No dedicated pages,Inference,2026-09-29
goodman ac repair,transactional,brand,Tampa Bay,problem-aware,serp inference,NOT AVAILABLE,NOT AVAILABLE,NOT AVAILABLE,NOT AVAILABLE,/services/ac-repair-diagnostics/,NOT AVAILABLE,NOT AVAILABLE,NOT AVAILABLE,NOT AVAILABLE,/services/ac-repair-diagnostics/,P3,No dedicated pages,Inference,2026-09-29
lennox ac repair,transactional,brand,Tampa Bay,problem-aware,serp inference,NOT AVAILABLE,NOT AVAILABLE,NOT AVAILABLE,NOT AVAILABLE,/services/ac-repair-diagnostics/,NOT AVAILABLE,NOT AVAILABLE,NOT AVAILABLE,NOT AVAILABLE,/services/ac-repair-diagnostics/,P3,No dedicated pages,Inference,2026-09-29
daikin ac repair,transactional,brand,Tampa Bay,problem-aware,serp inference,NOT AVAILABLE,NOT AVAILABLE,NOT AVAILABLE,NOT AVAILABLE,/services/ac-repair-diagnostics/,NOT AVAILABLE,NOT AVAILABLE,NOT AVAILABLE,NOT AVAILABLE,/services/ac-repair-diagnostics/,P3,No dedicated pages,Inference,2026-09-29
bryant ac repair,transactional,brand,Tampa Bay,problem-aware,serp inference,NOT AVAILABLE,NOT AVAILABLE,NOT AVAILABLE,NOT AVAILABLE,/services/ac-repair-diagnostics/,NOT AVAILABLE,NOT AVAILABLE,NOT AVAILABLE,NOT AVAILABLE,/services/ac-repair-diagnostics/,P3,No dedicated pages,Inference,2026-09-29
york ac repair,transactional,brand,Tampa Bay,problem-aware,serp inference,NOT AVAILABLE,NOT AVAILABLE,NOT AVAILABLE,NOT AVAILABLE,/services/ac-repair-diagnostics/,NOT AVAILABLE,NOT AVAILABLE,NOT AVAILABLE,NOT AVAILABLE,/services/ac-repair-diagnostics/,P3,No dedicated pages,Inference,2026-09-29
hvac brooksville,commercial,company,Brooksville,vendor-aware,public serp,NOT AVAILABLE,observed medium,NOT AVAILABLE,NOT AVAILABLE,/,NOT AVAILABLE,NOT AVAILABLE,NOT AVAILABLE,NOT AVAILABLE,/,P2,Tier-1 neighbor; hub links; page deferred,Public SERP observation,2026-09-29
hvac wesley chapel,commercial,company,Wesley Chapel,vendor-aware,public serp,NOT AVAILABLE,observed medium (templated + wrong-state),NOT AVAILABLE,NOT AVAILABLE,/,NOT AVAILABLE,NOT AVAILABLE,NOT AVAILABLE,NOT AVAILABLE,/,P2,Tier-2 Pasco; page deferred,Public SERP observation,2026-09-29
hvac new port richey,commercial,company,New Port Richey,vendor-aware,public serp,NOT AVAILABLE,observed high (templated),NOT AVAILABLE,NOT AVAILABLE,/,NOT AVAILABLE,NOT AVAILABLE,NOT AVAILABLE,NOT AVAILABLE,/,P2,Tier-2 Pasco; page deferred,Public SERP observation,2026-09-29
ductwork repair pasco county,commercial,airflow,Pasco County,problem-aware,serp inference,NOT AVAILABLE,NOT AVAILABLE,NOT AVAILABLE,NOT AVAILABLE,/services/airflow-ductwork/,NOT AVAILABLE,NOT AVAILABLE,NOT AVAILABLE,NOT AVAILABLE,/services/airflow-ductwork/,P3,County-level modifier,Inference,2026-09-29
commercial hvac tampa,commercial,commercial,Tampa,vendor-aware,public serp,NOT AVAILABLE,observed high,NOT AVAILABLE,NOT AVAILABLE,/services/commercial-service-maintenance/,NOT AVAILABLE,NOT AVAILABLE,NOT AVAILABLE,NOT AVAILABLE,/services/commercial-service-maintenance/,P1,Observed established competitors,Public SERP observation,2026-09-29
ac repair clearwater,transactional,repair,Clearwater,problem-aware,serp inference,NOT AVAILABLE,NOT AVAILABLE,NOT AVAILABLE,NOT AVAILABLE,/services/ac-repair-diagnostics/,NOT AVAILABLE,NOT AVAILABLE,NOT AVAILABLE,NOT AVAILABLE,/services/ac-repair-diagnostics/,P4,Tier-3 Pinellas; no page planned,Inference,2026-09-29
ac repair st petersburg,transactional,repair,St. Petersburg,problem-aware,serp inference,NOT AVAILABLE,NOT AVAILABLE,NOT AVAILABLE,NOT AVAILABLE,/services/ac-repair-diagnostics/,NOT AVAILABLE,NOT AVAILABLE,NOT AVAILABLE,NOT AVAILABLE,/services/ac-repair-diagnostics/,P4,Tier-3 Pinellas; no page planned,Inference,2026-09-29
