Organization,Domain,Type,Relevance,Realistic Reason They Might Link,Outreach Path,Priority
Greater Hernando County Chamber of Commerce,hernandochamber.com,Chamber of commerce,High - primary market business organization,Member directory listing and community news posts for local businesses,Join membership; ask about directory + member spotlight,High
Lively Technical College,livelytech.edu,Trade school,High - the owner completed HVAC schooling there (site about page),Alumni/employer or program-success pages listing graduates working in the field,Contact the HVAC program; offer to be an alumni/employer contact,High
Tampa Bay Builders Association,tbba.net,Builders association,Medium - replacement/installation and new-construction HVAC relationships,Member directory and subcontractor referrals for members,Membership inquiry; subcontractor listing,Medium
NARPM Tampa Bay chapter (property managers),narpm.org,Property-management association,Medium - commercial/light-commercial maintenance and RTU service demand,Vendor presentation/meetup sponsorship and chapter vendor lists,Attend a chapter meeting; offer a short technical talk on airflow/TAB,Medium
Hernando Sun,hernandosun.com,Local newspaper,Medium - local business coverage,Hernando-focused story (owner-operated HVAC with TAB capability is unusual locally),Pitch a concise local-business story; no paid-link packages,Medium
ACCA (Air Conditioning Contractors of America),acca.org,Trade association,Medium - contractor credibility and directory presence,Membership directory and educational content contributions,Membership inquiry; check local chapter activity,Medium
Tampa Bay Chamber,tampabaychamber.com,Chamber of commerce,Medium - commercial market visibility,Member directory listing,Membership inquiry (evaluate dues vs. value first),Medium
Local real-estate brokerages (Hernando County),e.g. hernandorealtors.com (association),Realtor association / brokerages,Medium - home-inspection and pre-sale HVAC repair referrals,Preferred-vendor lists and agent education,Offer a short "what inspectors flag" talk to an office; provide cards/QR,Medium
Local engineering / MEP firms (Tampa Bay),unverified individually,MEP engineering firms,Medium - TAB/commissioning coordination,Subcontractor/partner pages and project collaboration,TAB capability introduction; propose commissioning support,Low-Medium
Independent HVAC distributors (Tampa Bay),unverified individually,Distributor / supplier,Low-Medium - trade relationships,Contractor account pages or trade-event mentions,Open a trade account; ask about contractor spotlights,Low-Medium
Hernando County youth sports / community sponsorships,unverified individually,Community organizations,Low-Medium - local brand presence,Sponsor pages commonly list local business supporters,Sponsor a team/event; request the supporter listing,Low-Medium
Better Business Bureau,bbb.org,Accreditation / directory,Medium - trust signal plus a linkable profile,Accredited-business profile,Evaluate accreditation cost; claim free profile basics if available,Medium
